{"cameraMode":{"drawMode":0,"name":"Shaded","section":"Shading Mode"},"sceneLighting":false,"audioPlay":false,"sceneViewState":{"m_AlwaysRefresh":false,"showFog":true,"showSkybox":false,"showFlares":true,"showImageEffects":true,"showParticleSystems":true,"showVisualEffectGraphs":true,"m_FxEnabled":false},"in2DMode":false,"pivot":{"x":-18.68962287902832,"y":3.5930001735687258,"z":8.390539169311524},"rotation":{"x":0.15727569162845612,"y":-0.11378934979438782,"z":0.018246322870254518,"w":0.9808051586151123},"size":2.368269920349121,"orthographic":true}