{"cameraMode":{"drawMode":0,"name":"Shaded","section":"Shading Mode"},"sceneLighting":false,"audioPlay":false,"sceneViewState":{"m_AlwaysRefresh":false,"showFog":true,"showSkybox":false,"showFlares":true,"showImageEffects":true,"showParticleSystems":true,"showVisualEffectGraphs":true,"m_FxEnabled":false},"in2DMode":false,"pivot":{"x":-18.018301010131837,"y":2.2854413986206056,"z":10.124655723571778},"rotation":{"x":-0.004500940442085266,"y":-0.008091893047094345,"z":0.000031559309718431905,"w":-0.999992847442627},"size":2.9538891315460207,"orthographic":true}