{"cameraMode":{"drawMode":0,"name":"Shaded","section":"Shading Mode"},"sceneLighting":true,"audioPlay":false,"sceneViewState":{"m_AlwaysRefresh":false,"showFog":true,"showSkybox":true,"showFlares":true,"showImageEffects":true,"showParticleSystems":true,"showVisualEffectGraphs":true,"m_FxEnabled":true},"in2DMode":false,"pivot":{"x":-1.5610876083374024,"y":1.864119529724121,"z":0.5483071804046631},"rotation":{"x":-0.08899416029453278,"y":0.7620168328285217,"z":-0.10723689943552017,"w":-0.6323853135108948},"size":11.677728652954102,"orthographic":false}